Metric,Mean,Std
MSE,0.008592966,0.0048830295
MAE,0.051270436,0.014436251
MRE,0.102030344,0.025409551
ACC (%),89.79697,2.5409553
