label_50,mse,mae,mre,acc
1,0.013813025,0.06554899,0.08611605,91.38839
2,0.0077374172,0.048139434,0.09762333,90.23766
3,0.009221055,0.054733697,0.11559756,88.44025
